Year,Age,School,Height,Weight,Sprint_40yd,Vertical_Jump,Bench_Press_Reps,Broad_Jump,Agility_3cone,Shuttle,Player_Type,Position_Type,Position,Drafted,y_pred,Id
2012,23.0,Notre Dame,1.8796,96.61517481,4.54,86.36,19.0,309.88,6.63,4.12,0,1,17,1.0,0.0,1561
2010,22.0,Arizona St.,1.8796,108.8621688,4.81,88.9,21.0,281.94,6.93,4.54,0,4,7,1.0,1.0,1099
2015,21.997016197783463,Maryland,1.8288,87.08973504,4.51,86.36,12.0,304.8,6.98,4.27,1,0,19,0.0,0.0,1455
2011,22.0,Stanford,1.8542,139.70645,5.28,60.96,30.0,256.54,7.54,4.54,0,2,4,1.0,1.0,911
2013,23.0,Georgia,1.9304,156.94296,5.21,83.50634934889987,30.0,291.9857,7.230447266703479,4.399422150882825,0,2,4,1.0,0.0,521
2018,22.0,Iowa St.,1.9558,102.965468,4.55,96.52,17.0,309.88,7.230447266703479,4.399422150882825,1,0,19,0.0,1.0,1537
2018,21.0,BYU,1.905,107.0477993,4.64,97.79,21.0,302.26,6.9,4.28,0,4,11,1.0,1.0,1452
2016,22.0,West Virginia,1.8796,110.2229459,4.73,81.28,19.0,304.8,7.16,4.22,0,4,7,1.0,1.0,2492
2018,23.0,Oklahoma St.,1.9304,97.97595192,4.62,86.36,13.0,307.34,7.07,4.25,1,0,19,1.0,0.0,2683
2012,23.0,Iowa,1.9812,141.9744118,5.16,67.31,23.0,248.92,7.87,4.75,1,5,12,1.0,1.0,1637
2019,21.997016197783463,Wyoming,1.8288,94.80080533,4.56,92.71,9.0,307.34,7.08,4.2,0,1,16,0.0,0.0,2680
2017,21.0,Texas A&M,1.9558,120.6555704,4.76,91.44,18.0,312.42,7.03,4.38,0,2,3,1.0,1.0,727
2011,21.0,USC,1.8542,136.077711,5.04,69.85,26.0,256.54,7.51,4.78,0,2,4,1.0,1.0,175
2011,21.0,Utah,1.8288,86.1825503,4.5,81.28,18.0,299.72,6.93,4.07,0,1,1,1.0,1.0,891
2018,22.0,South Carolina St.,1.8796,106.1406146,4.7,83.50634934889987,17.0,291.9857,7.230447266703479,4.399422150882825,0,4,11,1.0,1.0,1135
2016,22.0,Memphis,2.0066,110.6765383,4.86,91.44,20.23640776699029,299.72,7.14,4.26,1,0,14,1.0,1.0,2493
2011,21.0,Boise St.,1.7526,85.72895793,4.5,85.09,13.0,289.56,6.66,4.12,0,1,1,1.0,1.0,803
2013,21.0,Georgia,1.8288,96.61517481,4.46,91.44,25.0,304.8,7.01,4.25,0,1,17,1.0,1.0,961
2013,23.0,Florida St.,1.8034,102.965468,4.7,76.2,17.0,289.56,7.28,4.55,1,0,5,0.0,0.0,1961
2011,22.0,Mississippi St.,1.905,126.0986789,4.91,72.39,20.0,271.78,7.13,4.59,0,2,3,1.0,1.0,1421
2012,21.0,Miami (FL),1.8034,104.7798375,4.66,85.09,12.0,302.26,7.46,4.28,0,4,11,1.0,1.0,998
2016,21.997016197783463,Iowa,1.8542,89.35769689,4.61,83.50634934889987,20.23640776699029,291.9857,7.230447266703479,4.399422150882825,2,3,8,0.0,0.0,1576
2018,21.997016197783463,South Carolina,1.8796,141.5208194,5.28,59.69,18.0,256.54,7.95,4.75,0,2,4,0.0,0.0,415
2012,21.997016197783463,USC,1.8542,109.3157612,4.73,74.93,19.0,271.78,6.9,4.1,0,4,7,0.0,0.0,1593
2019,21.997016197783463,Missouri,1.9812,143.7887813,5.18,68.58,16.0,261.62,7.68,4.74,1,5,12,0.0,0.0,1909
2014,22.0,Stanford,1.8542,93.89362059,4.57,82.55,15.0,297.18,7.230447266703479,4.399422150882825,0,1,6,1.0,1.0,847
2010,21.997016197783463,Michigan,1.8288,97.06876718,4.59,83.50634934889987,20.23640776699029,291.9857,7.230447266703479,4.399422150882825,1,0,15,0.0,0.0,495
2010,21.997016197783463,Wake Forest,1.8288,97.06876718,5.05,76.2,20.23640776699029,256.54,7.04,4.29,1,0,14,0.0,0.0,1598
2009,21.997016197783463,Kent St.,1.9304,136.9848957,5.29,83.50634934889987,21.0,198.12,7.230447266703479,4.399422150882825,1,5,12,0.0,0.0,695
2011,22.0,Hawaii,1.8288,102.0582833,4.45,86.36,20.0,289.56,6.91,4.15,1,0,15,1.0,1.0,2092
2013,21.0,USC,1.7018,76.65711053,4.53,95.25,10.0,322.58,6.74,4.09,0,1,1,0.0,0.0,322
2016,23.0,South Carolina,1.9558,112.0373154,4.64,82.55,20.23640776699029,297.18,7.05,4.31,1,0,18,1.0,1.0,2296
2009,21.997016197783463,Michigan St.,1.9304,135.1705263,4.88,64.77,28.0,269.24,8.18,4.87,0,2,4,0.0,0.0,367
2014,21.997016197783463,South Florida,1.9304,117.9340162,4.95,69.85,17.0,276.86,7.230447266703479,4.399422150882825,0,2,3,0.0,0.0,567
2019,22.0,Oklahoma,1.7526,96.61517481,4.764817905918058,83.50634934889987,20.23640776699029,291.9857,7.230447266703479,4.399422150882825,2,3,8,1.0,1.0,2229
2017,23.0,Miami (FL),1.8542,97.06876718,4.51,93.98,19.0,325.12,7.230447266703479,4.399422150882825,0,1,6,1.0,1.0,1431
2010,24.0,Kentucky,1.8034,83.00740371,4.51,97.79,9.0,294.64,6.81,4.27,0,1,1,1.0,1.0,544
2019,21.0,Georgia,1.8034,87.54332741,4.52,83.50634934889987,14.0,299.72,7.230447266703479,4.399422150882825,0,1,1,1.0,1.0,1859
2018,21.997016197783463,Southern Miss,1.8542,96.16158244,4.56,86.36,13.0,312.42,7.230447266703479,4.399422150882825,1,0,19,0.0,0.0,1960
2017,21.0,Ohio St.,1.8288,88.45051215,4.44,93.98,11.0,327.66,6.68,4.18,0,1,1,1.0,1.0,2441
2011,22.0,Connecticut,1.8542,111.583723,4.8,81.28,22.0,276.86,7.17,4.46,0,4,7,1.0,1.0,1742
2016,21.997016197783463,Cincinnati,1.8542,86.1825503,4.54,80.01,8.0,312.42,7.230447266703479,4.399422150882825,1,0,19,0.0,0.0,1097
2016,21.0,California,1.9304,97.52235955,4.82,68.58,20.23640776699029,279.4,7.17,4.47,1,0,14,1.0,1.0,978
2010,22.0,Penn St.,1.9558,137.8920805,5.03,73.66,26.0,269.24,7.22,4.59,0,2,4,1.0,1.0,821
2016,21.0,Florida,1.8542,92.07925111,4.59,87.63,20.23640776699029,312.42,6.77,4.19,1,0,19,1.0,1.0,1508
2014,22.0,North Carolina St.,1.8796,90.718474,4.41,97.79,12.0,314.96,6.82,4.24,0,1,1,1.0,1.0,1011
2017,21.0,Houston,1.8542,83.46099608,4.57,85.09,20.23640776699029,302.26,6.68,3.94,0,1,1,1.0,1.0,2242
2009,24.0,Louisville,1.8542,135.1705263,5.18,81.28,31.0,266.7,7.68,4.72,0,2,4,0.0,1.0,1362
2010,22.0,East Carolina,1.905,141.9744118,5.1,81.28,30.0,254.0,7.83,4.64,0,2,4,0.0,1.0,1792
2014,22.0,Wisconsin,1.8034,112.4909078,4.83,78.74,27.0,289.56,7.18,4.27,0,4,7,1.0,0.0,1770
2018,22.0,Central Michigan,1.905,115.212462,4.8,96.52,18.0,304.8,7.13,4.23,1,0,18,1.0,0.0,1830
2010,22.0,Troy,1.905,103.8726527,4.93,80.01,20.0,269.24,7.07,4.43,1,0,14,1.0,1.0,705
2016,24.0,East Carolina,1.8796,101.1510985,4.61,86.36,18.0,312.42,7.15,4.47,0,4,11,0.0,1.0,2581
2013,22.0,Texas,1.9304,119.7483857,4.78,83.50634934889987,21.0,291.9857,7.230447266703479,4.399422150882825,0,2,3,1.0,1.0,999
2015,22.0,Mississippi St.,1.7272,98.42954429,4.7,81.28,21.0,287.02,7.230447266703479,4.399422150882825,1,0,15,1.0,0.0,2653
2009,21.0,Auburn,1.7526,85.27536556,4.43,92.71,15.0,309.88,7.09,4.08,0,1,1,1.0,0.0,2690
2016,22.0,Florida,1.9812,108.4085764,4.8,87.63,20.23640776699029,325.12,7.01,4.0,0,2,3,1.0,1.0,393
2016,21.997016197783463,Oregon,1.8034,90.718474,4.83,74.93,20.23640776699029,289.56,6.82,4.2,1,0,14,0.0,0.0,2413
2017,21.0,Temple,1.778,86.1825503,4.62,81.28,11.0,294.64,7.230447266703479,4.399422150882825,1,0,15,0.0,0.0,298
2014,21.997016197783463,SMU,1.7526,93.89362059,4.75,81.28,20.0,287.02,7.07,4.399422150882825,1,0,15,0.0,0.0,194
2014,22.0,BYU,1.905,110.2229459,4.71,82.55,21.0,284.48,7.22,4.2,0,4,11,1.0,1.0,318
2010,22.0,Rutgers,1.8034,87.54332741,4.38,91.44,16.0,320.04,6.7,4.07,0,1,1,1.0,1.0,2001
2010,22.0,Arizona,1.8796,134.2633415,4.75,72.39,25.0,271.78,7.68,4.55,0,2,4,1.0,1.0,1732
2014,23.0,Miami (FL),1.9304,99.7903214,4.64,77.47,23.0,304.8,7.230447266703479,4.399422150882825,2,3,13,1.0,0.0,2240
2015,22.0,USC,1.8288,91.17206637,4.44,95.25,26.0,330.2,7.01,4.12,0,1,1,1.0,1.0,1791
2014,22.0,Duke,1.8288,86.63614267,4.56,92.71,10.0,309.88,7.28,4.32,0,1,1,1.0,1.0,2401
2018,21.0,Virginia Tech,1.8796,99.7903214,4.47,105.41,20.23640776699029,340.36,7.230447266703479,4.399422150882825,0,1,16,1.0,1.0,32
2019,22.0,Missouri,1.9304,103.4190604,4.69,78.74,20.23640776699029,284.48,7.03,4.12,1,0,14,1.0,0.0,141
2010,21.0,Georgia,1.8542,132.9025644,4.75,83.82,34.0,297.18,7.33,4.43,0,2,4,1.0,1.0,67
2010,21.0,Auburn,1.8034,99.7903214,4.34,102.87,26.0,314.96,6.91,4.12,1,0,15,1.0,1.0,2184
2014,21.0,North Carolina,1.8288,92.53284348,4.58,88.9,18.0,294.64,7.04,4.31,0,1,17,1.0,1.0,1627
2016,22.0,Nebraska,1.9304,149.2318897,5.19,73.66,17.0,279.4,8.03,4.59,0,2,4,1.0,1.0,2780
2010,22.0,Northwestern,1.905,102.0582833,4.93,81.28,20.23640776699029,279.4,6.96,4.37,1,0,14,1.0,1.0,2736
2010,21.997016197783463,Arizona St.,1.8542,91.17206637,4.52,101.6,19.0,309.88,7.230447266703479,4.21,1,0,19,0.0,0.0,2412
2009,23.0,Penn St.,1.778,82.55381134,4.31,87.63,12.0,299.72,7.01,4.48,1,0,19,1.0,1.0,1029
2012,22.0,Nevada,1.8542,109.3157612,4.6,93.98,23.0,314.96,7.34,4.37,0,4,7,1.0,1.0,1657
2012,23.0,South Carolina,1.8542,95.2543977,4.58,86.36,17.0,299.72,7.02,4.25,0,1,17,1.0,0.0,651
2009,21.0,North Carolina,2.032,140.1600423,5.32,55.88,19.0,238.76,7.87,4.88,1,5,12,1.0,1.0,2114
2014,23.0,Stanford,1.9304,111.583723,4.87,83.82,20.23640776699029,276.86,7.04,4.35,1,0,5,0.0,1.0,1726
2017,22.0,Charlotte,1.905,138.3456729,4.97,81.28,26.0,294.64,7.55,4.75,0,2,3,1.0,1.0,1247
2019,21.0,Oklahoma,1.7526,75.29633342,4.764817905918058,83.50634934889987,20.23640776699029,291.9857,7.230447266703479,4.399422150882825,1,0,19,1.0,1.0,331
2011,22.0,Mississippi St.,1.905,108.8621688,4.65,86.36,17.0,292.1,6.95,4.25,0,4,7,1.0,1.0,2724
2012,22.0,Stanford,1.9304,106.1406146,4.59,91.44,20.23640776699029,314.96,6.8,4.28,1,0,14,1.0,1.0,1397
2011,22.0,Michigan,1.9304,139.70645,5.18,64.77,30.0,248.92,7.73,4.62,1,5,10,1.0,1.0,1368
2013,21.0,Alabama,1.8288,91.17206637,4.37,91.44,20.23640776699029,309.88,6.95,4.32,0,1,1,1.0,1.0,368
2017,22.0,Connecticut,1.9304,101.6046909,4.4,111.76,17.0,358.14,7.230447266703479,4.399422150882825,0,1,17,1.0,1.0,2247
2011,21.0,Mississippi St.,1.9558,145.6031508,5.18,71.12,23.0,246.38,7.43,4.63,1,5,12,1.0,1.0,1647
2012,21.997016197783463,Louisiana Tech,1.8034,99.33672903,4.67,85.09,21.0,279.4,7.26,4.4,1,0,15,0.0,0.0,2579
2013,24.0,Wisconsin,1.8542,106.1406146,4.75,83.50634934889987,20.23640776699029,291.9857,7.230447266703479,4.399422150882825,0,4,11,0.0,0.0,1307
2017,22.0,Nebraska,1.8796,98.88313666,4.58,77.47,17.0,309.88,7.230447266703479,4.399422150882825,0,1,17,1.0,1.0,1992
2013,21.997016197783463,SMU,1.778,84.36818082,4.56,83.82,15.0,309.88,7.230447266703479,4.399422150882825,0,1,1,0.0,0.0,678
2011,23.0,USC,1.8288,102.965468,4.64,83.50634934889987,20.23640776699029,291.9857,7.230447266703479,4.399422150882825,1,0,5,1.0,0.0,554
2012,21.997016197783463,Purdue,1.8542,100.2439138,4.91,83.50634934889987,20.23640776699029,291.9857,7.230447266703479,4.399422150882825,2,3,8,0.0,0.0,30
2010,22.0,Oklahoma,1.9558,118.3876086,4.72,80.01,20.23640776699029,291.9857,7.230447266703479,4.399422150882825,1,0,18,1.0,1.0,1073
2018,21.997016197783463,Georgia,1.8288,87.54332741,4.764817905918058,83.50634934889987,14.0,291.9857,7.230447266703479,4.399422150882825,0,1,16,0.0,0.0,1599
2019,21.997016197783463,Buffalo,2.0066,112.9445001,4.59,87.63,20.23640776699029,304.8,7.09,4.28,1,0,14,0.0,0.0,1681
2019,21.0,Ohio St.,1.778,95.70799007,4.47,85.09,22.0,291.9857,7.230447266703479,4.399422150882825,1,0,15,1.0,1.0,1436
2019,23.0,Houston,1.8796,94.34721296,4.4,92.71,20.23640776699029,337.82,6.81,4.06,0,1,1,1.0,1.0,1127
2013,21.0,Georgia,1.8796,109.7693535,4.7,85.09,20.0,309.88,7.16,4.39,0,4,11,1.0,1.0,1513
2013,21.0,South Carolina,1.8034,100.2439138,4.65,83.50634934889987,20.23640776699029,291.9857,7.230447266703479,4.399422150882825,1,0,15,1.0,1.0,1874
2016,21.997016197783463,Liberty,1.8542,97.06876718,4.74,83.50634934889987,20.23640776699029,291.9857,7.230447266703479,4.399422150882825,2,3,8,0.0,0.0,211
2013,21.0,North Carolina,1.7272,91.62565874,4.53,85.09,19.0,309.88,6.91,4.12,1,0,15,1.0,1.0,239
2016,23.0,Georgia Tech,1.9304,130.1810102,4.88,83.50634934889987,20.23640776699029,291.9857,7.230447266703479,4.399422150882825,0,2,4,1.0,1.0,1993
2016,22.0,Utah,1.8542,109.3157612,4.8,74.93,19.0,289.56,7.230447266703479,4.52,0,4,7,0.0,1.0,1231
2011,21.0,Pittsburgh,1.905,119.7483857,4.68,78.74,20.23640776699029,292.1,7.230447266703479,4.399422150882825,0,2,3,1.0,1.0,602
2011,24.0,South Carolina,1.9558,143.7887813,5.03,76.2,23.0,289.56,7.6,4.77,1,5,12,0.0,1.0,1584
2010,21.0,Tennessee,1.8288,95.70799007,4.4,109.22,19.0,330.2,6.8,4.23,0,1,6,1.0,1.0,1044
2011,22.0,Georgia Tech,1.8288,82.55381134,4.65,77.47,20.23640776699029,304.8,7.09,4.37,0,1,1,0.0,0.0,1427
2013,22.0,Arizona,1.8796,96.61517481,4.69,78.74,20.23640776699029,299.72,6.69,3.99,1,0,14,0.0,0.0,693
2018,20.0,Alabama,1.905,97.06876718,4.764817905918058,86.36,20.23640776699029,304.8,7.230447266703479,4.399422150882825,0,1,16,1.0,1.0,2405
2009,22.0,Pittsburgh,1.8796,139.70645,5.51,64.77,21.0,223.52,8.09,4.93,1,5,10,0.0,0.0,233
2011,22.0,Stanford,1.8288,112.4909078,4.87,72.39,22.0,259.08,7.1,4.56,1,0,5,1.0,1.0,2610
2010,21.0,Georgia Tech,1.905,120.6555704,4.77,86.36,20.23640776699029,284.48,7.12,4.43,0,2,3,1.0,1.0,464
2015,22.0,Arizona St.,1.8034,88.90410452,4.46,96.52,14.0,304.8,6.83,4.07,0,1,6,1.0,1.0,73
2017,21.0,Texas Tech,1.8796,102.0582833,4.8,76.2,20.23640776699029,289.56,6.88,4.08,1,0,14,1.0,1.0,2382
2009,21.997016197783463,Nebraska,1.8034,97.97595192,4.5,85.09,18.0,289.56,7.1,4.399422150882825,1,0,15,0.0,0.0,1001
2016,24.0,Florida,1.9558,113.3980925,4.83,83.50634934889987,17.0,291.9857,7.230447266703479,4.399422150882825,1,0,18,0.0,1.0,2409
2017,22.0,Arkansas,1.8796,108.8621688,4.79,74.93,18.0,292.1,6.8,4.25,0,4,7,0.0,1.0,2530
2013,21.0,Florida,1.8542,93.89362059,4.58,87.63,20.23640776699029,312.42,6.64,4.1,0,1,6,1.0,1.0,2516
2012,22.0,Clemson,1.9558,149.2318897,5.48,68.58,19.0,231.14,8.13,4.82,1,5,10,0.0,0.0,1614
2017,21.0,Wyoming,1.8542,99.33672903,4.54,86.36,15.0,317.5,7.03,4.32,1,0,15,1.0,1.0,1846
2017,21.0,Houston,1.8034,84.36818082,4.764817905918058,83.50634934889987,10.0,291.9857,7.230447266703479,4.399422150882825,1,0,19,0.0,0.0,1818
2011,22.0,Baylor,1.905,151.4998516,5.09,74.93,31.0,254.0,7.75,4.77,0,2,4,1.0,1.0,1391
2013,23.0,Kansas St.,1.8542,103.8726527,4.55,90.17,20.0,294.64,6.89,4.39,1,0,19,1.0,1.0,2079
2009,21.997016197783463,Utah,1.7272,79.83225712,4.82,83.50634934889987,20.23640776699029,291.9857,7.230447266703479,4.399422150882825,2,3,8,0.0,0.0,1601
2014,21.997016197783463,Florida,1.8034,86.1825503,4.61,90.17,6.0,304.8,7.230447266703479,4.399422150882825,0,1,1,0.0,0.0,2134
2009,22.0,Cincinnati,1.8542,89.81128926,4.48,92.71,16.0,317.5,7.0,4.2,0,1,6,1.0,1.0,1808
2012,21.997016197783463,Clemson,1.905,121.5627552,5.0,77.47,21.0,276.86,7.230447266703479,4.53,0,2,4,0.0,0.0,1106
2012,22.0,Oregon,1.7272,87.99691978,4.35,88.9,15.0,312.42,6.88,4.12,1,0,15,1.0,1.0,354
2011,22.0,North Carolina,1.8542,109.3157612,4.75,86.36,21.0,292.1,7.230447266703479,4.5,0,4,7,1.0,1.0,1771
2012,23.0,Oregon,1.778,95.70799007,4.53,85.09,22.0,294.64,7.12,4.28,0,1,17,0.0,1.0,80
2011,21.997016197783463,Boston Col.,2.032,142.8815966,5.34,83.50634934889987,20.23640776699029,291.9857,7.230447266703479,4.399422150882825,1,5,12,0.0,0.0,772
2010,23.0,Ohio St.,1.8542,91.62565874,4.94,83.50634934889987,20.23640776699029,291.9857,7.230447266703479,4.399422150882825,2,3,8,0.0,0.0,2595
2018,21.0,Oklahoma St.,1.8034,96.61517481,4.54,87.63,14.0,304.8,7.11,4.32,1,0,19,1.0,0.0,1161
2015,23.0,TCU,1.9812,160.1181066,5.55,74.93,20.23640776699029,291.9857,7.230447266703479,4.77,1,5,10,1.0,1.0,1084
2015,20.0,USC,1.9558,136.9848957,4.97,74.93,20.23640776699029,269.24,7.59,4.53,0,2,4,1.0,1.0,1565
2018,21.0,Penn St.,1.8796,91.62565874,4.764817905918058,93.98,15.0,322.58,7.230447266703479,4.32,0,1,16,1.0,1.0,719
2011,22.0,Nevada,1.7526,96.61517481,4.65,87.63,20.0,284.48,6.89,4.18,1,0,15,0.0,0.0,1502
2018,21.0,Fordham,1.7526,92.98643585,4.55,86.36,19.0,309.88,6.79,4.07,1,0,15,1.0,1.0,1939
2010,24.0,West Virginia,1.9558,139.70645,5.11,77.47,19.0,269.24,7.68,4.68,1,5,12,1.0,1.0,2594
2017,21.997016197783463,South Carolina St.,2.0066,150.5926668,4.764817905918058,59.69,22.0,291.9857,7.230447266703479,4.399422150882825,1,5,12,0.0,0.0,1271
2010,21.0,Georgia Tech,1.8542,94.80080533,4.51,83.50634934889987,16.0,291.9857,7.230447266703479,4.399422150882825,0,1,6,1.0,1.0,807
2010,22.0,New Mexico,1.9812,144.2423737,5.55,63.5,19.0,238.76,8.24,4.99,1,5,0,1.0,0.0,533
2010,21.997016197783463,Marshall,1.7526,86.1825503,4.59,90.17,14.0,276.86,7.230447266703479,4.39,1,0,15,0.0,0.0,1990
2011,22.0,Boise St.,1.778,96.16158244,4.51,83.50634934889987,23.0,291.9857,7.230447266703479,4.399422150882825,0,1,17,0.0,1.0,1817
2010,21.0,Florida,1.9812,125.6450865,4.68,80.01,21.0,281.94,7.21,4.61,0,2,3,1.0,1.0,1672
2009,22.0,Clemson,1.905,141.5208194,4.92,77.47,29.0,271.78,8.28,4.84,0,2,4,1.0,1.0,670
2014,24.0,Southern Miss,1.905,137.8920805,5.03,73.66,28.0,284.48,7.83,4.76,0,2,4,1.0,0.0,1298
2015,20.0,Louisville,1.8288,98.88313666,4.62,83.50634934889987,17.0,291.9857,7.230447266703479,4.399422150882825,0,1,6,1.0,1.0,485
2011,22.0,San Diego St.,1.8034,84.82177319,4.68,85.09,12.0,307.34,6.64,4.25,1,0,19,1.0,1.0,1225
2013,20.0,Washington St.,1.905,87.99691978,4.51,87.63,7.0,309.88,6.65,4.33,1,0,19,1.0,0.0,2020
2012,22.0,Southern Miss,1.8796,99.33672903,4.69,78.74,20.23640776699029,276.86,6.73,4.11,1,0,14,0.0,1.0,834
2013,22.0,Notre Dame,1.9558,113.3980925,4.68,90.17,22.0,302.26,6.92,4.32,1,0,18,1.0,1.0,44
2013,22.0,Iowa St.,1.8796,110.2229459,4.84,83.50634934889987,20.23640776699029,291.9857,7.230447266703479,4.399422150882825,0,4,11,0.0,1.0,1091
2014,22.0,Tulane,1.7272,74.38914868,4.76,83.50634934889987,20.23640776699029,291.9857,7.230447266703479,4.399422150882825,2,3,8,0.0,1.0,196
2010,21.0,Washington,1.8542,111.1301307,4.61,83.50634934889987,35.0,291.9857,7.230447266703479,4.399422150882825,0,4,7,1.0,1.0,2266
2015,22.0,William & Mary,1.8288,95.2543977,4.41,96.52,16.0,309.88,6.96,4.08,1,0,19,1.0,1.0,1339
2015,22.0,Alabama,1.8034,98.88313666,4.57,77.47,20.23640776699029,292.1,7.230447266703479,4.399422150882825,1,0,14,0.0,1.0,460
2011,22.0,Purdue,1.9304,121.1091628,4.67,85.09,31.0,309.88,7.18,4.39,0,2,3,1.0,1.0,2406
2013,22.0,TCU,1.8796,116.1196467,4.78,83.50634934889987,30.0,291.9857,7.230447266703479,4.399422150882825,0,2,3,1.0,1.0,2037
2014,23.0,Clemson,1.905,143.7887813,5.09,73.66,35.0,248.92,8.13,4.83,1,5,10,1.0,1.0,1055
2017,22.0,South Alabama,1.905,108.4085764,4.62,95.25,22.0,320.04,6.99,4.33,1,0,18,1.0,0.0,93
2015,21.0,Duke,1.7272,83.91458845,4.56,93.98,10.0,292.1,7.17,4.32,1,0,19,1.0,1.0,282
2015,23.0,Miami (FL),1.9304,113.8516849,4.79,88.9,20.0,304.8,7.32,4.57,1,0,18,1.0,1.0,1979
2018,22.0,Georgia,1.8034,102.965468,4.52,97.79,29.0,325.12,7.09,4.25,1,0,15,1.0,1.0,2721
2009,20.0,Florida,1.8034,87.08973504,4.39,83.50634934889987,19.0,291.9857,7.230447266703479,4.399422150882825,1,0,19,1.0,1.0,2631
2011,23.0,Arkansas St.,1.9558,141.0672271,5.0,64.77,24.0,254.0,7.76,5.0,1,5,12,1.0,1.0,1395
2017,22.0,Ashland,1.9812,126.0986789,4.79,82.55,24.0,307.34,7.09,4.38,1,0,18,1.0,0.0,506
2009,22.0,Buffalo,1.905,97.52235955,4.9,77.47,20.23640776699029,276.86,7.18,4.45,1,0,14,0.0,0.0,1174
2018,23.0,Ohio St.,1.905,112.0373154,4.81,83.82,20.23640776699029,297.18,7.28,4.51,1,0,18,0.0,0.0,907
2014,23.0,Pittsburgh,1.9304,103.4190604,4.97,68.58,20.23640776699029,266.7,7.33,4.36,1,0,14,1.0,1.0,365
2019,22.0,Oklahoma,1.8288,101.6046909,4.764817905918058,83.50634934889987,25.0,291.9857,7.230447266703479,4.399422150882825,1,0,15,1.0,0.0,581
2015,23.0,Newberry,1.905,111.1301307,4.61,93.98,20.0,307.34,7.49,4.38,0,4,11,1.0,0.0,859
2010,21.0,Oklahoma St.,1.8796,102.0582833,4.52,83.50634934889987,20.23640776699029,291.9857,7.230447266703479,4.399422150882825,1,0,19,1.0,1.0,2481
2014,22.0,McNeese St.,1.9558,122.0163475,4.89,83.50634934889987,15.0,291.9857,7.230447266703479,4.399422150882825,1,0,18,0.0,0.0,1429
2018,21.0,Notre Dame,1.8796,96.61517481,4.764817905918058,83.50634934889987,18.0,291.9857,7.230447266703479,4.399422150882825,1,0,15,0.0,1.0,178
2013,21.0,Georgia,1.905,141.9744118,5.06,67.31,30.0,256.54,7.230447266703479,4.399422150882825,0,2,4,0.0,1.0,2067
2013,21.997016197783463,Louisville,1.7526,84.36818082,4.58,83.82,17.0,294.64,6.92,4.25,0,1,1,0.0,0.0,1569
2014,23.0,Georgia,1.9558,117.0268315,4.82,74.93,28.0,294.64,7.38,4.35,1,0,18,1.0,1.0,1309
2016,23.0,Baylor,1.8542,108.8621688,4.95,69.85,20.23640776699029,279.4,7.05,4.38,2,6,9,1.0,1.0,411
2013,20.0,Oklahoma,1.8288,87.99691978,4.38,85.09,16.0,314.96,7.230447266703479,4.35,1,0,19,1.0,1.0,2730
2012,21.0,Temple,1.8542,105.6870222,4.62,93.98,21.0,314.96,7.14,4.37,0,4,11,1.0,1.0,2320
2017,20.0,Texas,1.8288,105.6870222,4.764817905918058,83.50634934889987,18.0,291.9857,7.230447266703479,4.399422150882825,1,0,15,1.0,1.0,2657
2010,23.0,Clemson,1.9304,114.3052772,4.65,86.36,23.0,289.56,7.29,4.41,0,4,11,1.0,1.0,2644
2009,23.0,Alabama,1.8034,92.07925111,4.49,93.98,15.0,304.8,7.09,4.23,0,1,6,1.0,1.0,1187
2019,22.0,Alabama,1.8542,88.45051215,4.764817905918058,83.50634934889987,20.23640776699029,291.9857,7.230447266703479,4.399422150882825,0,1,16,1.0,1.0,2004
2017,22.0,Wisconsin,1.778,99.7903214,4.68,72.39,19.0,292.1,7.230447266703479,4.399422150882825,1,0,15,0.0,0.0,527
2015,21.0,Minnesota,1.8288,111.1301307,4.77,93.98,22.0,302.26,7.21,4.2,0,4,7,1.0,1.0,2482
2017,21.997016197783463,Stanford,1.8288,86.1825503,4.764817905918058,83.50634934889987,20.23640776699029,291.9857,7.230447266703479,4.399422150882825,2,3,8,0.0,0.0,2187
2010,21.997016197783463,Minnesota,1.8796,112.0373154,4.88,86.36,17.0,274.32,7.27,4.4,0,4,7,0.0,0.0,2533
2011,22.0,Washington St.,1.905,140.1600423,5.18,76.2,28.0,261.62,7.54,4.62,1,5,0,0.0,1.0,1134
2012,22.0,Baylor,1.8796,101.1510985,4.33,99.06,20.23640776699029,304.8,7.230447266703479,4.399422150882825,1,0,14,1.0,0.0,70
2018,23.0,Ohio St.,1.9304,138.3456729,4.764817905918058,83.50634934889987,20.23640776699029,291.9857,7.230447266703479,4.399422150882825,1,5,0,1.0,0.0,2694
2018,21.997016197783463,Florida St.,1.9304,111.583723,4.65,97.79,20.23640776699029,309.88,7.230447266703479,4.399422150882825,0,4,11,0.0,0.0,789
2009,21.997016197783463,Michigan,1.8542,109.7693535,5.08,83.50634934889987,14.0,291.9857,7.230447266703479,4.399422150882825,2,6,9,0.0,1.0,471
2009,21.997016197783463,Tennessee St.,1.905,150.5926668,5.22,62.23,29.0,228.6,7.230447266703479,4.399422150882825,1,5,12,0.0,0.0,729
2013,21.0,Utah St.,1.7272,88.45051215,4.48,88.9,17.0,299.72,7.15,4.15,1,0,15,1.0,1.0,56
2019,21.997016197783463,Georgia,1.778,98.42954429,4.78,74.93,26.0,299.72,7.230447266703479,4.399422150882825,1,0,15,0.0,0.0,2364
2009,23.0,East Carolina,1.9304,116.1196467,4.78,74.93,17.0,287.02,7.28,4.56,1,0,18,1.0,1.0,2428
2016,23.0,South Carolina St.,1.8542,140.1600423,4.93,87.63,29.0,276.86,7.9,4.7,0,2,4,1.0,0.0,1041
2011,22.0,Washington,1.8796,104.7798375,4.51,88.9,20.23640776699029,304.8,6.77,4.12,1,0,14,1.0,1.0,829
2017,22.0,Oklahoma St.,1.8288,98.88313666,4.58,93.98,23.0,330.2,7.230447266703479,4.399422150882825,1,0,15,1.0,0.0,1350
2010,21.0,Virginia Tech,1.905,104.7798375,4.62,81.28,22.0,294.64,7.36,4.41,0,1,6,1.0,1.0,2388
2011,23.0,Iowa,1.8796,136.5313034,5.12,78.74,23.0,264.16,7.46,4.59,1,5,10,1.0,0.0,443
2010,21.0,Miami (FL),1.905,113.3980925,4.7,83.50634934889987,19.0,291.9857,7.230447266703479,4.399422150882825,1,0,18,1.0,0.0,2768
2017,21.0,UCLA,1.8796,113.3980925,4.59,83.82,24.0,309.88,7.48,4.62,0,4,11,1.0,1.0,679
2012,23.0,South Carolina,1.9304,153.3142211,5.29,68.58,20.23640776699029,259.08,7.87,4.9,1,5,10,1.0,1.0,1025
2018,22.0,Pittsburgh,2.0066,134.7169339,4.82,74.93,22.0,271.78,7.14,4.5,1,5,12,1.0,1.0,2686
2014,23.0,Stanford,1.9558,113.3980925,4.86,90.17,19.0,299.72,6.78,4.2,0,2,3,1.0,1.0,407
2010,21.997016197783463,Alabama,1.9304,131.9953797,5.21,76.2,25.0,271.78,7.4,4.68,0,2,4,0.0,0.0,1694
2013,21.997016197783463,East. Kentucky,1.9304,92.98643585,4.5,91.44,10.0,312.42,6.9,4.39,1,0,19,0.0,0.0,124
2016,24.0,Auburn,1.9558,139.2528576,5.18,83.50634934889987,22.0,291.9857,7.230447266703479,4.399422150882825,1,5,12,1.0,1.0,1967
2012,21.0,Illinois,1.9304,118.3876086,4.68,81.28,27.0,299.72,7.17,4.53,0,2,3,1.0,1.0,788
2018,21.997016197783463,Nebraska,1.8542,88.45051215,4.58,105.41,17.0,340.36,7.230447266703479,4.399422150882825,0,1,16,0.0,0.0,1779
2017,23.0,Memphis,1.778,85.72895793,4.62,87.63,18.0,304.8,7.230447266703479,4.399422150882825,0,1,1,0.0,1.0,1125
2011,21.0,Appalachian St.,1.8034,95.2543977,4.49,78.74,21.0,294.64,6.9,4.09,0,1,6,1.0,1.0,2358
2010,21.0,Fresno St.,1.8034,100.2439138,4.43,92.71,26.0,304.8,7.2,4.54,1,0,15,0.0,1.0,845
2019,23.0,West Virginia,1.8796,98.42954429,4.84,86.36,20.23640776699029,284.48,7.09,4.28,1,0,14,1.0,1.0,2453
2018,22.0,LSU,1.8034,79.37866475,4.32,83.50634934889987,7.0,314.96,7.230447266703479,4.399422150882825,0,1,1,1.0,1.0,1898
2019,21.0,Ohio St.,1.8288,92.98643585,4.31,101.6,11.0,342.9,7.230447266703479,4.03,1,0,19,1.0,1.0,2261
2016,21.0,Virginia Tech,1.8034,84.82177319,4.48,83.50634934889987,15.0,291.9857,7.230447266703479,4.399422150882825,0,1,1,1.0,1.0,1907
2015,22.0,Georgia,1.8796,96.61517481,4.35,114.3,18.0,353.06,7.06,4.3,1,0,19,1.0,1.0,1088
2014,22.0,Coastal Carolina,1.8542,89.81128926,4.5,92.71,15.0,299.72,7.08,4.2,1,0,19,1.0,1.0,2466
2011,22.0,Florida,1.905,99.33672903,4.85,83.50634934889987,20.23640776699029,291.9857,7.230447266703479,4.399422150882825,2,3,13,0.0,0.0,1622
2013,24.0,Alabama,1.8796,132.9025644,5.23,83.50634934889987,20.23640776699029,291.9857,7.230447266703479,4.399422150882825,0,2,3,0.0,0.0,942
2019,22.0,Temple,1.8034,99.7903214,4.45,76.2,22.0,289.56,7.02,4.29,1,0,15,1.0,1.0,2120
2018,21.0,Florida,1.8034,90.718474,4.41,86.36,20.23640776699029,307.34,7.230447266703479,4.399422150882825,1,0,19,1.0,1.0,1703
2013,23.0,North Carolina St.,2.0066,102.0582833,4.94,67.31,20.23640776699029,259.08,7.49,4.52,1,0,14,1.0,0.0,2573
2012,21.0,Portland St.,1.9558,138.3456729,5.23,66.04,29.0,261.62,7.93,4.75,1,5,12,0.0,1.0,518
2014,23.0,Florida St.,1.9304,142.8815966,5.44,83.50634934889987,20.23640776699029,291.9857,7.230447266703479,4.399422150882825,1,5,0,1.0,1.0,1547
2015,21.0,Boise St.,1.8288,100.2439138,4.57,99.06,19.0,307.34,7.1,4.1,1,0,15,1.0,1.0,1036
2013,22.0,San Jose St.,1.9558,104.3262451,4.69,83.50634934889987,20.23640776699029,291.9857,7.230447266703479,4.399422150882825,1,0,18,0.0,1.0,2290
2018,23.0,Memphis,1.905,96.16158244,4.98,73.66,20.23640776699029,279.4,6.96,4.4,1,0,14,0.0,1.0,507
2016,22.0,Louisiana Tech,1.9304,106.1406146,4.56,81.28,20.23640776699029,309.88,7.19,4.25,1,0,14,1.0,1.0,765
2019,21.0,Notre Dame,1.9304,112.9445001,4.7,91.44,22.0,304.8,7.27,4.34,1,0,18,1.0,1.0,2003
2017,24.0,Alabama,1.8288,91.17206637,4.764817905918058,83.50634934889987,10.0,291.9857,7.230447266703479,4.399422150882825,0,1,17,1.0,1.0,1656
2018,21.0,Kansas St.,1.7526,85.27536556,4.51,92.71,11.0,291.9857,7.230447266703479,4.399422150882825,0,1,1,1.0,1.0,1743
2019,22.0,Michigan St.,1.8034,96.61517481,4.52,87.63,22.0,299.72,7.230447266703479,4.399422150882825,0,1,16,1.0,1.0,1748
2011,22.0,Louisville,1.8034,86.63614267,4.59,81.28,13.0,279.4,7.230447266703479,4.16,0,1,1,1.0,0.0,1283
2017,21.0,Texas A&M,1.8288,90.26488163,4.764817905918058,83.50634934889987,14.0,291.9857,7.230447266703479,4.399422150882825,0,1,17,1.0,1.0,1004
2010,22.0,Wake Forest,1.8288,87.08973504,4.37,93.98,15.0,322.58,6.75,4.07,0,1,1,1.0,1.0,1566
2009,23.0,Oregon,1.9558,142.4280042,5.2,64.77,24.0,238.76,8.33,5.02,1,5,12,1.0,1.0,463
2019,21.997016197783463,Appalachian St.,1.778,96.16158244,4.764817905918058,83.50634934889987,27.0,291.9857,7.230447266703479,4.399422150882825,1,0,15,0.0,0.0,45
2019,20.0,Boise St.,1.8034,100.2439138,4.67,88.9,22.0,322.58,7.13,4.29,1,0,15,1.0,1.0,2292
2014,24.0,Michigan,1.7018,83.91458845,4.49,83.50634934889987,15.0,291.9857,7.230447266703479,4.399422150882825,1,0,19,1.0,0.0,1451
2015,20.0,UCLA,1.9558,153.3142211,5.21,81.28,24.0,276.86,8.16,5.07,0,2,4,0.0,1.0,2201
2016,22.0,North Carolina Central,1.8034,85.72895793,4.47,91.44,18.0,309.88,6.88,4.09,0,1,1,1.0,0.0,1586
2015,24.0,NW State (LA),1.9304,145.6031508,5.12,74.93,35.0,266.7,7.92,4.76,0,2,4,1.0,1.0,2537
2014,22.0,Miami (FL),2.0066,150.1390745,5.04,60.96,20.23640776699029,241.3,8.15,4.77,1,5,12,1.0,1.0,2377
2011,21.997016197783463,Washington,1.8288,95.70799007,4.68,77.47,17.0,289.56,6.98,4.15,0,1,17,0.0,0.0,783
2013,22.0,Connecticut,1.8542,111.1301307,4.65,96.52,29.0,322.58,7.49,4.31,0,4,11,1.0,1.0,63
2011,22.0,Citadel,1.8542,89.35769689,4.5,90.17,18.0,327.66,6.76,4.01,0,1,1,1.0,1.0,1876
2010,22.0,USC,1.9304,117.4804238,4.71,90.17,19.0,287.02,6.99,4.57,1,0,18,1.0,1.0,2643
2018,23.0,Tulane,1.9812,118.8412009,4.6,97.79,18.0,325.12,7.53,4.48,0,2,3,1.0,0.0,2527
2015,21.997016197783463,Texas St.,1.8796,93.44002822,5.02,83.50634934889987,20.23640776699029,291.9857,7.230447266703479,4.399422150882825,2,3,13,0.0,0.0,1858
2010,21.0,SMU,1.7526,87.99691978,4.53,91.44,14.0,297.18,7.230447266703479,4.399422150882825,1,0,15,0.0,1.0,841
2010,21.997016197783463,Alabama,1.9558,115.212462,4.93,83.50634934889987,19.0,291.9857,7.230447266703479,4.399422150882825,1,0,18,0.0,0.0,1745
2018,21.997016197783463,Penn St.,1.8542,87.99691978,4.764817905918058,83.50634934889987,14.0,291.9857,7.230447266703479,4.399422150882825,0,1,1,0.0,0.0,1720
2011,22.0,West Virginia,1.8542,109.3157612,4.65,77.47,23.0,289.56,7.23,4.28,0,4,11,1.0,1.0,1110
2018,21.0,Florida St.,2.0066,141.0672271,4.764817905918058,83.50634934889987,19.0,291.9857,7.230447266703479,4.399422150882825,1,5,12,1.0,1.0,2384
2009,21.0,Alabama,1.8288,94.80080533,4.5,91.44,24.0,307.34,7.35,4.51,1,0,15,1.0,1.0,2711
2013,23.0,Arkansas,1.8796,97.52235955,4.95,72.39,20.23640776699029,284.48,7.22,4.39,1,0,14,1.0,1.0,916
2011,22.0,Arkansas,1.9304,151.4998516,5.45,69.85,21.0,228.6,7.74,4.9,1,5,10,0.0,0.0,1914
2014,22.0,Maine,1.778,81.6466266,4.44,99.06,9.0,291.9857,6.81,4.19,0,1,1,1.0,1.0,817
2014,21.997016197783463,Grand Valley St.,1.8796,136.9848957,5.18,83.50634934889987,20.23640776699029,291.9857,7.230447266703479,4.399422150882825,1,5,0,0.0,0.0,2157
2017,21.997016197783463,Tennessee St.,1.8034,85.72895793,4.47,86.36,13.0,330.2,7.230447266703479,4.399422150882825,0,1,1,0.0,0.0,944
2011,23.0,North Carolina,1.905,99.33672903,5.06,74.93,20.23640776699029,264.16,6.96,4.12,1,0,14,1.0,0.0,29
2011,22.0,Georgia Tech,1.8542,103.4190604,4.56,105.41,24.0,304.8,6.79,4.06,1,0,15,1.0,1.0,1766
2016,22.0,West Virginia,1.778,94.34721296,4.47,85.09,14.0,304.8,6.83,4.28,1,0,15,1.0,1.0,2455
2010,21.0,Ohio St.,1.778,87.08973504,4.55,83.50634934889987,19.0,291.9857,7.230447266703479,4.399422150882825,0,1,17,1.0,0.0,1952
2015,23.0,Texas A&M,1.9304,149.6854821,5.19,74.93,26.0,259.08,7.51,4.62,1,5,10,1.0,1.0,2634
2013,21.0,Oregon St.,1.8288,86.63614267,4.54,77.47,8.0,299.72,6.87,4.18,0,1,1,1.0,1.0,767
2019,21.0,Alabama,1.9304,136.9848957,5.12,71.12,23.0,254.0,8.01,4.79,1,5,12,1.0,1.0,1149
2014,23.0,Nebraska,1.905,98.88313666,4.61,105.41,13.0,325.12,7.230447266703479,4.33,0,1,1,1.0,0.0,188
2018,21.997016197783463,Auburn,1.8288,105.6870222,4.74,85.09,22.0,294.64,7.230447266703479,4.399422150882825,1,0,15,0.0,0.0,170
2009,22.0,USC,1.8542,102.965468,4.75,83.50634934889987,32.0,291.9857,7.230447266703479,4.399422150882825,0,4,11,1.0,1.0,43
2012,21.0,Missouri,1.905,114.7588696,4.75,80.01,21.0,279.4,7.25,4.31,0,2,3,0.0,1.0,87
2013,22.0,Duke,1.905,99.33672903,4.76,83.50634934889987,20.23640776699029,291.9857,7.230447266703479,4.399422150882825,1,0,14,1.0,0.0,1018
2010,22.0,Syracuse,1.8542,100.2439138,4.53,85.09,8.0,294.64,6.9,4.31,1,0,19,1.0,1.0,676
2011,21.0,Notre Dame,1.8542,144.695966,5.21,72.39,31.0,248.92,7.230447266703479,4.78,0,2,4,0.0,1.0,309
2018,21.997016197783463,Arkansas,1.8288,95.2543977,4.81,74.93,20.23640776699029,284.48,7.18,4.48,1,0,14,0.0,0.0,2510
2019,24.0,North Carolina St.,1.9304,96.61517481,4.73,77.47,20.23640776699029,294.64,7.2,4.2,1,0,14,1.0,0.0,1461
2012,22.0,Baylor,1.778,88.90410452,4.49,97.79,20.23640776699029,307.34,6.93,4.18,1,0,19,1.0,1.0,324
2009,22.0,Weber St.,1.8288,112.4909078,4.87,88.9,22.0,287.02,7.36,4.33,1,0,5,0.0,0.0,2473
2017,22.0,Notre Dame,1.9812,143.3351889,5.33,52.07,22.0,291.9857,7.230447266703479,4.399422150882825,0,2,4,0.0,0.0,2274
2016,23.0,Clemson,1.8796,94.80080533,4.45,90.17,12.0,309.88,6.96,4.46,1,0,19,1.0,1.0,149
2015,22.0,Auburn,1.9304,144.2423737,5.02,78.74,20.0,256.54,7.5,4.57,0,2,4,1.0,1.0,700
2012,22.0,Ala-Birmingham,1.9812,139.70645,5.4,64.77,17.0,246.38,7.230447266703479,4.399422150882825,1,5,12,1.0,0.0,557
2018,23.0,Auburn,1.9558,96.61517481,4.764817905918058,83.50634934889987,20.23640776699029,291.9857,7.230447266703479,4.399422150882825,2,3,8,1.0,0.0,2039
2014,23.0,Buffalo,1.905,113.8516849,4.65,101.6,23.0,325.12,7.08,4.18,0,4,11,1.0,1.0,2720
2013,22.0,Texas A&M,1.8288,92.98643585,4.34,93.98,16.0,317.5,6.76,4.25,1,0,19,1.0,1.0,1888
2016,23.0,Cincinnati,1.9812,140.6136347,5.26,69.85,20.23640776699029,246.38,7.230447266703479,4.399422150882825,1,5,12,1.0,1.0,509
2014,21.997016197783463,San Diego St.,1.778,91.62565874,4.56,83.50634934889987,20.23640776699029,291.9857,7.230447266703479,4.399422150882825,1,0,15,0.0,0.0,134
2017,21.0,Auburn,1.9304,137.8920805,4.87,73.66,22.0,274.32,7.62,4.89,0,2,4,1.0,1.0,528
2010,22.0,Kansas,1.8034,92.98643585,4.46,100.33,17.0,304.8,7.230447266703479,4.399422150882825,0,1,17,1.0,1.0,1691
2019,22.0,Georgia,1.8034,83.46099608,4.55,92.71,20.23640776699029,297.18,6.96,4.399422150882825,1,0,19,1.0,1.0,296
2013,21.0,South Carolina,1.778,94.34721296,4.67,93.98,17.0,314.96,6.7,4.11,0,1,6,1.0,1.0,568
2009,22.0,Cincinnati,1.8034,87.99691978,4.5,80.01,17.0,276.86,7.27,4.35,0,1,1,1.0,0.0,1642
2013,22.0,Kansas,1.9558,135.1705263,5.07,72.39,20.23640776699029,284.48,7.52,4.51,1,5,12,1.0,0.0,408
2014,23.0,Clemson,1.8542,100.6975061,4.84,77.47,20.23640776699029,269.24,7.33,4.23,1,0,14,1.0,0.0,1754
2017,21.0,Stanford,1.905,123.830717,4.69,88.9,30.0,320.04,6.95,4.28,0,2,3,1.0,1.0,1321
2014,22.0,Pittsburgh,1.8542,129.2738255,4.68,81.28,35.0,294.64,7.11,4.39,0,2,4,1.0,1.0,1710
2010,21.997016197783463,California,1.8542,92.53284348,4.66,91.44,14.0,284.48,7.35,4.69,1,0,19,0.0,0.0,221
2009,22.0,Wisconsin,1.778,100.6975061,4.63,83.50634934889987,20.23640776699029,291.9857,7.230447266703479,4.399422150882825,1,0,15,0.0,1.0,1652
2011,23.0,Florida Atlantic,1.905,97.52235955,4.61,95.25,14.0,287.02,7.45,4.43,1,0,19,0.0,1.0,1047
2019,21.997016197783463,Ferris St.,2.0066,153.3142211,5.16,69.85,26.0,226.06,8.34,5.28,1,5,12,0.0,0.0,402
2009,23.0,South Florida,1.8796,110.2229459,4.76,83.50634934889987,27.0,284.48,7.230447266703479,4.399422150882825,0,4,11,1.0,1.0,173
2015,22.0,Toledo,1.9304,136.5313034,5.08,83.50634934889987,20.23640776699029,291.9857,7.230447266703479,4.399422150882825,1,5,0,0.0,1.0,707
2014,21.0,Louisville,1.905,113.8516849,4.66,88.9,23.0,307.34,7.48,4.47,0,2,3,1.0,1.0,1978
2019,21.997016197783463,Virginia Tech,2.0066,146.9639279,4.764817905918058,83.50634934889987,27.0,289.56,8.07,4.5,1,5,12,0.0,0.0,2692
2016,21.0,LSU,1.8288,86.63614267,4.61,93.98,16.0,312.42,6.86,4.0,0,1,17,1.0,0.0,2676
2017,20.0,Florida,1.8542,95.70799007,4.54,81.28,14.0,299.72,6.86,4.02,0,1,1,1.0,0.0,1244
2016,22.0,Oklahoma,1.8034,83.91458845,4.5,90.17,19.0,294.64,7.230447266703479,4.399422150882825,0,1,1,1.0,1.0,2430
2010,21.0,Appalachian St.,1.8034,84.82177319,4.41,83.50634934889987,20.23640776699029,291.9857,7.230447266703479,4.399422150882825,1,0,19,1.0,1.0,152
2017,22.0,Ohio St.,1.905,137.4384881,5.32,59.69,22.0,251.46,7.94,4.71,1,5,0,1.0,1.0,2230
2016,23.0,Penn St.,1.9304,125.6450865,4.81,77.47,28.0,276.86,7.63,4.39,0,2,4,1.0,1.0,1189
2016,23.0,Western Kentucky,1.9812,112.9445001,4.77,83.50634934889987,20.23640776699029,291.9857,7.230447266703479,4.399422150882825,1,0,18,1.0,1.0,270
2016,22.0,USC,1.8542,99.7903214,4.89,74.93,20.23640776699029,264.16,7.32,4.0,1,0,14,1.0,1.0,1407
2010,22.0,Oklahoma St.,1.9558,139.2528576,5.18,83.50634934889987,38.0,291.9857,7.230447266703479,4.399422150882825,1,5,12,1.0,1.0,1105
2011,23.0,Mississippi,1.8796,151.953444,5.25,63.5,27.0,236.22,8.17,5.06,0,2,4,1.0,1.0,662
2013,22.0,North Carolina,1.9812,149.2318897,5.27,57.15,22.0,248.92,7.85,4.96,1,5,10,1.0,1.0,321
2016,21.997016197783463,Utah,1.778,104.7798375,5.05,78.74,22.0,287.02,7.230447266703479,4.399422150882825,0,4,7,0.0,0.0,685
2015,23.0,Hawaii,1.8288,112.0373154,5.02,80.01,30.0,279.4,7.24,4.33,1,0,5,1.0,1.0,1641
2009,23.0,Missouri Western St.,1.905,147.8711126,5.25,83.50634934889987,20.23640776699029,291.9857,7.230447266703479,4.399422150882825,1,5,10,0.0,0.0,430
2015,21.0,Arkansas,1.8796,120.6555704,4.93,92.71,28.0,307.34,7.34,4.4,0,2,3,1.0,0.0,2407
2014,22.0,Michigan St.,1.8034,90.26488163,4.52,83.50634934889987,15.0,291.9857,7.230447266703479,4.399422150882825,0,1,1,1.0,1.0,257
2019,23.0,LSU,1.8288,91.17206637,4.67,74.93,20.23640776699029,304.8,7.09,4.33,0,1,16,0.0,0.0,1928
2017,23.0,Michigan,1.905,92.53284348,4.47,90.17,10.0,335.28,6.7,4.09,1,0,19,1.0,1.0,2504
2009,22.0,Boston Col.,1.8542,152.8606287,5.12,81.28,33.0,261.62,7.9,4.69,0,2,4,1.0,0.0,1739
2014,21.997016197783463,Kansas,1.9304,106.594207,4.69,82.55,20.23640776699029,291.9857,7.230447266703479,4.399422150882825,1,0,18,0.0,0.0,2263
2010,21.997016197783463,North Carolina,1.8542,145.6031508,4.95,83.50634934889987,20.23640776699029,291.9857,7.230447266703479,4.399422150882825,0,2,4,0.0,0.0,254
2016,20.0,UCLA,1.8796,104.7798375,4.72,85.09,12.0,299.72,6.97,4.24,1,0,18,1.0,1.0,1274
2009,21.997016197783463,Baylor,1.9304,139.70645,5.48,57.15,18.0,218.44,8.67,5.42,1,5,10,0.0,0.0,839
2015,22.0,Texas-El Paso,1.9812,119.2947933,4.98,77.47,19.0,279.4,7.46,4.54,1,0,18,0.0,1.0,874
2011,22.0,Ohio St.,1.778,103.8726527,4.53,83.82,28.0,292.1,6.89,4.26,0,4,11,1.0,1.0,168
2017,23.0,USC,2.0066,138.7992652,5.48,52.07,15.0,266.7,7.230447266703479,5.01,1,5,12,0.0,0.0,1393
2015,23.0,Arizona St.,1.905,139.2528576,4.91,83.50634934889987,27.0,291.9857,7.230447266703479,4.399422150882825,0,2,4,1.0,1.0,1861
2016,23.0,Stanford,1.905,98.88313666,4.78,82.55,20.23640776699029,287.02,6.9,4.31,1,0,14,1.0,1.0,1293
2014,24.0,Utah,1.905,95.70799007,4.51,99.06,20.23640776699029,327.66,7.29,4.18,0,1,1,1.0,1.0,291
2013,23.0,Youngstown St.,1.8796,143.7887813,5.48,58.42,35.0,241.3,8.07,4.82,1,5,10,0.0,0.0,2026
2009,21.0,Georgia Tech,1.8796,137.8920805,5.32,83.82,29.0,291.9857,7.230447266703479,4.399422150882825,0,2,4,1.0,1.0,486
2016,21.997016197783463,Louisiana St,1.8542,77.56429527,4.49,90.17,20.23640776699029,307.34,7.230447266703479,4.399422150882825,0,1,1,0.0,0.0,420
2014,22.0,Utah St.,1.7526,86.1825503,4.48,83.82,16.0,304.8,7.12,4.4,0,1,1,1.0,1.0,135
2013,23.0,Georgia,1.8796,111.1301307,4.74,83.50634934889987,20.23640776699029,291.9857,7.230447266703479,4.399422150882825,0,4,11,1.0,0.0,869
2012,25.0,BYU,1.9304,136.9848957,5.27,83.50634934889987,25.0,291.9857,7.230447266703479,4.399422150882825,1,5,12,0.0,1.0,2071
2015,21.997016197783463,Massachusetts,1.9558,111.1301307,4.84,83.82,20.23640776699029,289.56,7.5,4.6,1,0,18,0.0,0.0,1556
2013,22.0,Georgia Tech,1.8034,85.72895793,4.42,93.98,11.0,314.96,7.230447266703479,4.399422150882825,0,1,1,0.0,1.0,1435
2009,22.0,New Mexico,1.8034,89.81128926,4.52,87.63,17.0,309.88,7.0,4.44,0,1,1,1.0,0.0,1269
2015,21.0,Kentucky,1.9558,139.2528576,5.51,63.5,20.23640776699029,246.38,7.91,4.87,1,5,12,0.0,0.0,2722
2019,21.997016197783463,UCLA,1.9304,135.6241186,5.32,73.66,21.0,266.7,8.0,4.84,1,5,12,0.0,0.0,1550
2013,22.0,North Carolina,1.9812,144.2423737,5.27,83.50634934889987,20.23640776699029,291.9857,7.230447266703479,4.399422150882825,1,5,12,1.0,1.0,2477
2012,23.0,California,1.9304,94.34721296,4.86,83.50634934889987,20.23640776699029,291.9857,7.230447266703479,4.399422150882825,2,3,13,1.0,1.0,1068
2010,22.0,Vanderbilt,1.8796,92.07925111,4.42,93.98,10.0,320.04,7.230447266703479,4.399422150882825,0,1,6,1.0,1.0,2389
2019,23.0,Florida,1.8034,94.34721296,4.47,76.2,21.0,294.64,7.37,4.63,1,0,15,1.0,1.0,1330
2016,21.0,Florida St.,1.8542,94.80080533,4.41,105.41,14.0,342.9,6.94,4.18,0,1,1,1.0,1.0,1364
2011,22.0,Appalachian St.,1.8034,108.4085764,4.71,78.74,20.0,264.16,7.35,4.45,0,4,11,1.0,0.0,952
2014,22.0,Oklahoma St.,1.8288,91.62565874,4.37,90.17,20.0,320.04,6.92,4.399422150882825,0,1,1,1.0,1.0,210
2011,21.0,Notre Dame,1.7272,90.26488163,4.59,83.50634934889987,23.0,291.9857,7.230447266703479,4.399422150882825,1,0,15,0.0,1.0,2506
2011,21.997016197783463,USC,1.9304,137.8920805,5.12,82.55,31.0,266.7,7.67,4.59,1,5,0,0.0,0.0,1795
2011,22.0,South Florida,1.8796,134.7169339,4.98,71.12,29.0,264.16,7.48,4.56,0,2,4,1.0,1.0,436
2018,23.0,LSU,1.8796,100.6975061,4.76,77.47,20.23640776699029,289.56,7.09,4.37,1,0,14,1.0,0.0,387
2009,23.0,Alabama,1.8542,99.33672903,4.75,74.93,20.23640776699029,266.7,7.53,4.59,1,0,14,0.0,1.0,1133
2018,22.0,Washington,1.8796,104.3262451,4.79,77.47,21.0,297.18,7.26,4.399422150882825,0,4,7,1.0,1.0,1667
2012,23.0,Fresno St.,1.7526,84.82177319,4.36,99.06,17.0,312.42,7.230447266703479,4.399422150882825,1,0,19,1.0,1.0,450
2012,23.0,Wisconsin,1.8034,92.53284348,4.53,86.36,20.23640776699029,299.72,6.97,4.09,1,0,14,1.0,1.0,1688
2010,23.0,South Florida,1.8288,88.90410452,4.5,96.52,16.0,322.58,6.87,4.05,0,1,1,1.0,1.0,2732
2016,22.0,Iowa,1.778,91.62565874,4.75,91.44,8.0,304.8,7.18,4.15,0,1,6,0.0,0.0,2016
2017,22.0,Tennessee,1.905,97.97595192,4.64,83.82,20.23640776699029,309.88,6.75,4.31,1,0,14,1.0,1.0,1575
2010,23.0,Stanford,1.9558,111.583723,4.82,83.50634934889987,17.0,291.9857,7.230447266703479,4.399422150882825,1,0,18,1.0,1.0,1389
2016,21.997016197783463,Boston Col.,1.9812,128.8202331,5.1,74.93,25.0,274.32,7.55,4.62,0,2,3,0.0,0.0,1562
2016,23.0,Colorado,1.8542,93.44002822,4.69,88.9,12.0,289.56,7.09,4.2,1,0,19,0.0,1.0,332
2011,23.0,Idaho,1.9304,108.8621688,5.12,64.77,20.23640776699029,259.08,7.13,4.46,1,0,14,1.0,0.0,1849
2013,23.0,Utah,1.8796,141.0672271,5.14,83.50634934889987,20.23640776699029,291.9857,7.230447266703479,4.399422150882825,0,2,4,1.0,1.0,1897
2017,22.0,Minnesota,1.8542,93.44002822,4.764817905918058,82.55,13.0,292.1,7.08,4.28,0,1,17,0.0,0.0,1942
2015,23.0,Louisville,1.8796,106.1406146,4.63,83.50634934889987,17.0,291.9857,7.230447266703479,4.399422150882825,1,0,15,0.0,0.0,819
2014,21.0,Oregon,1.8034,87.08973504,4.63,86.36,20.23640776699029,297.18,6.57,4.0,0,1,1,1.0,0.0,1882
2015,21.997016197783463,Prairie View,1.9304,112.4909078,4.99,80.01,20.23640776699029,287.02,7.3,4.51,1,0,14,0.0,0.0,786
2011,22.0,Fresno St.,1.8542,87.54332741,4.59,81.28,4.0,284.48,7.16,4.18,1,0,19,0.0,0.0,1410
2012,23.0,Houston,1.7526,78.01788764,4.57,83.50634934889987,20.23640776699029,291.9857,7.230447266703479,4.399422150882825,1,0,19,0.0,0.0,1610
2010,21.0,Florida,1.8034,93.44002822,4.44,95.25,14.0,302.26,6.95,4.36,0,1,6,1.0,1.0,199
2009,21.0,TCU,1.8288,106.1406146,4.59,88.9,22.0,292.1,7.21,4.34,0,4,11,1.0,1.0,1100
2016,22.0,Colorado,1.8288,84.82177319,4.43,92.71,20.23640776699029,302.26,7.230447266703479,4.399422150882825,0,1,1,0.0,1.0,932
2018,23.0,Virginia,1.8796,107.9549841,4.66,90.17,20.23640776699029,307.34,7.05,4.24,0,4,7,1.0,1.0,289
2017,23.0,LSU,1.8542,91.62565874,4.57,77.47,20.23640776699029,294.64,7.29,4.55,1,0,19,0.0,0.0,246
2011,22.0,Oklahoma,1.8542,94.34721296,4.57,87.63,23.0,307.34,7.05,4.06,0,1,6,1.0,1.0,2215
2010,21.0,Indiana,1.9558,143.3351889,5.21,74.93,27.0,287.02,7.42,4.67,1,5,12,1.0,0.0,1963
2009,24.0,Connecticut,1.9812,139.2528576,5.06,85.09,27.0,271.78,7.62,4.77,1,5,12,1.0,1.0,1999
2012,24.0,Penn St.,1.9304,147.4175203,5.52,69.85,31.0,291.9857,7.96,5.0,1,5,10,1.0,0.0,410
2011,22.0,Rutgers,1.8288,95.2543977,4.42,92.71,18.0,309.88,6.82,4.13,0,1,17,0.0,1.0,439
2019,21.0,Central Michigan,1.8288,88.45051215,4.42,105.41,14.0,320.04,7.230447266703479,4.399422150882825,0,1,1,1.0,1.0,432
2015,23.0,North Dakota St.,1.8288,98.42954429,4.62,101.6,15.0,317.5,7.15,4.25,1,0,15,0.0,0.0,809
2012,22.0,Notre Dame,1.8542,94.34721296,4.66,86.36,12.0,294.64,6.71,3.97,0,1,1,1.0,0.0,478
2013,21.0,Wisconsin,1.9304,141.5208194,5.58,72.39,21.0,246.38,7.81,4.76,1,5,0,1.0,0.0,1316
2014,21.0,Wyoming,1.8034,88.90410452,4.49,90.17,15.0,299.72,7.26,4.19,0,1,6,1.0,1.0,2072
2010,21.0,Louisiana Tech,1.8796,137.8920805,5.01,83.50634934889987,20.23640776699029,291.9857,7.230447266703479,4.399422150882825,0,2,4,1.0,1.0,1061
2012,22.0,Massachusetts,1.8542,112.9445001,4.7,87.63,19.0,307.34,7.32,4.4,1,0,5,0.0,0.0,1117
2016,22.0,Purdue,1.8034,87.08973504,4.33,88.9,19.0,292.1,7.03,4.19,0,1,1,1.0,1.0,862
2012,21.997016197783463,USC,1.8034,99.33672903,4.7,77.47,19.0,279.4,7.230447266703479,4.399422150882825,1,0,15,0.0,0.0,1490
2018,21.997016197783463,Purdue,1.9304,136.5313034,5.37,83.50634934889987,26.0,243.84,7.230447266703479,4.399422150882825,0,2,4,0.0,0.0,2400
2014,23.0,Virginia Tech,1.9304,117.4804238,4.7,93.98,26.0,309.88,7.19,4.27,0,2,3,0.0,1.0,2069
2011,22.0,North Carolina,1.8034,101.1510985,4.55,83.82,27.0,304.8,6.87,4.09,0,1,17,1.0,1.0,2270
2017,22.0,Louisiana Tech,1.8034,90.26488163,4.46,91.44,13.0,332.74,7.18,4.35,1,0,19,1.0,1.0,104
2013,22.0,James Madison,1.905,136.077711,5.06,76.2,24.0,271.78,7.77,5.0,1,5,10,1.0,1.0,1929
2013,21.0,California,1.905,142.4280042,4.99,67.31,31.0,274.32,7.31,4.74,1,5,0,1.0,1.0,1865
2009,21.997016197783463,Central Arkansas,1.8542,99.33672903,4.86,77.47,20.23640776699029,269.24,7.43,4.44,1,0,14,0.0,0.0,565
2011,22.0,Michigan St.,1.8288,88.45051215,4.54,83.50634934889987,10.0,291.9857,7.230447266703479,4.399422150882825,0,1,1,1.0,1.0,746
2016,22.0,Oregon,1.7526,89.35769689,4.66,87.63,13.0,294.64,6.95,4.14,1,0,19,0.0,0.0,2362
2013,23.0,Notre Dame,1.905,137.4384881,5.33,64.77,20.23640776699029,248.92,7.81,4.71,1,5,0,0.0,1.0,1588
2011,22.0,Tulsa,1.905,111.1301307,4.69,85.09,18.0,299.72,7.07,4.15,1,0,5,1.0,1.0,2116
2017,21.0,Virginia Tech,1.778,104.7798375,4.93,81.28,19.0,289.56,7.27,4.34,1,0,5,1.0,1.0,226
2019,21.997016197783463,Minnesota,1.9558,151.953444,4.764817905918058,83.50634934889987,20.23640776699029,291.9857,7.230447266703479,4.399422150882825,1,5,12,0.0,0.0,231
2015,22.0,Miami (FL),1.8034,107.0477993,4.78,81.28,27.0,287.02,7.230447266703479,4.399422150882825,0,4,7,1.0,1.0,1530
2012,23.0,Texas A&M,1.9304,100.2439138,4.65,83.50634934889987,20.23640776699029,291.9857,7.230447266703479,4.399422150882825,1,0,14,1.0,0.0,479
2018,21.997016197783463,Alabama,1.8288,89.81128926,4.35,80.01,14.0,320.04,6.78,4.11,0,1,1,0.0,0.0,111
2012,22.0,Virginia,1.778,83.00740371,4.63,83.50634934889987,7.0,291.9857,7.230447266703479,4.399422150882825,0,1,1,0.0,1.0,51
2011,22.0,Syracuse,1.8542,136.9848957,4.93,67.31,34.0,233.68,7.62,4.62,1,5,0,0.0,1.0,1511
2013,21.997016197783463,Penn St.,1.905,136.9848957,5.43,60.96,27.0,233.68,7.9,4.96,1,5,0,0.0,0.0,564
2009,23.0,Tennessee,1.905,123.3771246,4.77,74.93,18.0,259.08,7.56,4.51,0,2,3,1.0,0.0,2380
2014,22.0,Arizona St.,1.8288,137.4384881,5.36,72.39,24.0,251.46,7.93,4.82,0,2,4,1.0,1.0,1195
2010,21.0,UNLV,1.905,134.7169339,5.21,66.04,35.0,266.7,7.5,4.73,1,5,0,1.0,1.0,764
2010,22.0,Texas Tech,1.778,92.53284348,4.52,83.50634934889987,15.0,291.9857,7.230447266703479,4.399422150882825,0,1,1,1.0,0.0,457
2009,23.0,LSU,1.8796,94.80080533,4.49,95.25,13.0,327.66,7.25,4.23,0,1,6,1.0,1.0,2007
2016,20.0,Ohio St.,1.8288,102.0582833,4.47,82.55,20.23640776699029,299.72,7.230447266703479,4.399422150882825,1,0,15,1.0,1.0,2302
2011,23.0,Miami (FL),1.9558,143.3351889,5.11,72.39,26.0,291.9857,7.230447266703479,4.399422150882825,1,5,12,1.0,1.0,2011
2011,22.0,LSU,1.905,96.16158244,4.52,81.28,20.23640776699029,309.88,6.48,4.03,1,0,19,0.0,0.0,976
2014,21.0,Iowa,1.8288,108.8621688,4.74,80.01,23.0,294.64,7.15,4.45,0,4,11,1.0,1.0,1487
2013,22.0,Texas A&M,1.778,99.7903214,4.54,109.22,27.0,317.5,6.69,4.02,1,0,15,1.0,0.0,532
2014,21.997016197783463,Memphis,1.905,100.2439138,5.05,83.50634934889987,20.23640776699029,291.9857,7.230447266703479,4.399422150882825,2,3,13,0.0,0.0,1560
2009,24.0,Maryland,1.9558,115.6660544,4.79,83.82,26.0,309.88,6.92,4.26,1,0,18,1.0,1.0,1378
2017,22.0,Boise St.,1.8542,103.4190604,4.67,85.09,20.23640776699029,307.34,7.230447266703479,4.39,0,4,7,1.0,1.0,2715
2017,22.0,Arkansas,1.8288,86.1825503,4.74,76.2,10.0,284.48,6.85,4.12,1,0,19,0.0,0.0,2470
2016,22.0,Oklahoma,1.905,143.7887813,5.32,69.85,12.0,271.78,8.3,4.83,1,5,10,0.0,1.0,433
2012,22.0,Iowa St.,1.9558,151.0462592,5.22,67.31,32.0,264.16,7.91,4.87,1,5,12,1.0,1.0,2531
2013,23.0,Alabama A&M,1.9558,141.9744118,5.37,58.42,17.0,233.68,8.12,4.74,1,5,10,0.0,1.0,212
2012,21.0,Oklahoma St.,1.8542,93.89362059,4.47,83.50634934889987,19.0,291.9857,7.230447266703479,4.399422150882825,0,1,6,1.0,1.0,2733
2017,21.997016197783463,California,1.8796,110.2229459,5.3,64.77,20.23640776699029,251.46,7.230447266703479,4.399422150882825,2,6,9,0.0,0.0,781
2017,22.0,Florida St.,1.8288,87.99691978,4.59,91.44,20.23640776699029,312.42,7.230447266703479,4.399422150882825,0,1,1,1.0,1.0,1340
2015,21.0,LSU,1.7272,96.61517481,4.62,93.98,22.0,292.1,7.52,4.37,1,0,15,0.0,1.0,422
2018,22.0,Miami (FL),1.7526,83.46099608,4.764817905918058,83.50634934889987,11.0,291.9857,7.230447266703479,4.399422150882825,1,0,19,1.0,1.0,1253
2012,22.0,North Carolina St.,1.9558,135.1705263,4.97,91.44,21.0,287.02,7.4,4.41,0,2,4,1.0,1.0,313
2017,22.0,Louisiana Tech,1.7272,82.10021897,4.63,83.82,13.0,297.18,6.74,4.01,1,0,19,1.0,1.0,2107
2009,23.0,Clemson,1.8288,94.34721296,4.33,95.25,19.0,322.58,7.27,4.38,0,1,6,1.0,1.0,2140
2010,21.997016197783463,Nevada,1.9304,117.0268315,4.75,73.66,26.0,264.16,7.54,4.88,0,2,3,0.0,0.0,1014
2009,21.0,Texas,1.8542,140.6136347,4.93,81.28,36.0,261.62,8.01,4.74,0,2,4,1.0,1.0,617
2010,21.997016197783463,Clemson,1.7526,80.28584949,4.49,86.36,14.0,292.1,6.85,4.07,0,1,1,0.0,0.0,2260
2014,22.0,LSU,1.8034,122.9235323,4.95,72.39,23.0,281.94,7.68,4.58,1,0,5,0.0,1.0,2193
2013,22.0,Houston,1.8034,86.63614267,4.4,83.50634934889987,20.23640776699029,291.9857,7.230447266703479,4.399422150882825,0,1,1,1.0,1.0,218
2014,21.997016197783463,BYU,1.8542,92.98643585,4.67,81.28,13.0,289.56,6.47,3.95,0,1,17,0.0,0.0,787
2012,21.0,Mississippi St.,1.9304,135.1705263,4.77,66.04,30.0,261.62,7.07,4.53,0,2,4,1.0,1.0,2431
2014,22.0,Colorado St.,1.905,135.1705263,5.1,64.77,25.0,269.24,7.93,4.63,1,5,0,1.0,1.0,1514
2009,22.0,Auburn,1.8796,140.1600423,5.4,83.50634934889987,22.0,291.9857,7.230447266703479,4.399422150882825,1,5,10,1.0,1.0,1995
2018,21.0,Maine,1.9304,144.695966,5.58,59.69,17.0,248.92,7.86,4.95,1,5,10,1.0,1.0,1916
2009,21.0,Florida St.,1.8288,87.99691978,4.764817905918058,83.50634934889987,20.23640776699029,291.9857,7.230447266703479,4.399422150882825,2,3,8,0.0,0.0,949
2013,22.0,Azusa Pacific,2.032,142.8815966,5.34,83.50634934889987,31.0,291.9857,7.230447266703479,4.399422150882825,1,5,12,0.0,1.0,962
2011,21.0,Notre Dame,1.9812,117.4804238,4.83,83.50634934889987,20.23640776699029,291.9857,7.230447266703479,4.399422150882825,1,0,18,1.0,0.0,2673
2018,21.997016197783463,Stephen F. Austin,1.9304,128.3666407,4.75,83.82,26.0,287.02,7.36,4.48,0,2,3,0.0,0.0,2451
2010,21.997016197783463,USC,1.8542,97.06876718,4.58,83.50634934889987,20.23640776699029,291.9857,7.230447266703479,4.399422150882825,0,1,6,0.0,0.0,543
2011,23.0,Colorado,1.8542,92.53284348,4.52,90.17,24.0,294.64,6.85,4.25,0,1,1,1.0,1.0,2181
2017,22.0,Indiana,1.9304,138.3456729,5.24,71.12,26.0,256.54,7.52,4.68,1,5,10,1.0,1.0,2779
2014,23.0,UCLA,1.8542,96.61517481,4.51,87.63,13.0,309.88,7.07,4.21,1,0,19,1.0,1.0,1237
2014,22.0,Stanford,1.9812,142.8815966,5.48,72.39,22.0,261.62,7.81,4.86,1,5,10,1.0,0.0,605
2015,22.0,East. Washington,1.8034,88.45051215,4.63,83.82,19.0,284.48,7.01,4.26,0,1,6,0.0,1.0,2373
2018,22.0,Florida St.,1.905,105.2334298,4.58,105.41,20.23640776699029,332.74,6.85,4.28,0,4,11,0.0,1.0,1844
2014,23.0,Utah,1.8542,135.1705263,5.1,77.47,31.0,281.94,7.67,4.53,0,2,4,0.0,0.0,2665
2012,22.0,Wake Forest,1.8542,96.61517481,4.54,82.55,19.0,302.26,7.21,4.32,0,1,17,0.0,1.0,1236
2012,21.997016197783463,Oregon,1.905,99.7903214,4.77,91.44,14.0,307.34,7.17,4.28,1,0,14,0.0,0.0,741
2015,21.0,Nebraska,1.7526,92.98643585,4.6,107.95,24.0,330.2,6.79,3.95,1,0,15,1.0,0.0,1932
2017,21.0,Louisiana Tech,1.8034,89.35769689,4.54,85.09,19.0,309.88,6.72,4.13,0,1,17,1.0,1.0,1000
2012,21.0,Notre Dame,1.778,101.1510985,4.58,83.50634934889987,20.0,291.9857,7.230447266703479,4.399422150882825,1,0,15,0.0,1.0,761
2017,22.0,Alabama,1.9812,113.8516849,4.51,76.2,22.0,307.34,6.85,4.16,1,0,18,1.0,0.0,857
2017,22.0,Michigan,1.905,99.7903214,4.764817905918058,83.50634934889987,20.0,291.9857,7.230447266703479,4.399422150882825,0,1,1,1.0,0.0,2697
2016,23.0,Michigan St.,1.8542,133.3561568,5.29,67.31,23.0,256.54,7.9,4.73,1,5,0,0.0,1.0,358
2014,21.0,Houston,1.905,95.70799007,5.1,83.50634934889987,20.23640776699029,291.9857,7.230447266703479,4.399422150882825,2,3,13,0.0,0.0,986
2014,23.0,San Jose St.,1.8796,96.16158244,4.99,71.12,20.23640776699029,261.62,7.55,4.5,1,0,14,1.0,0.0,272
2016,20.0,Notre Dame,1.8796,101.1510985,4.67,83.50634934889987,20.23640776699029,291.9857,7.230447266703479,4.399422150882825,0,4,11,1.0,1.0,1251
2016,21.0,Northwestern,1.9812,134.2633415,4.87,82.55,30.0,289.56,7.26,4.38,0,2,3,1.0,1.0,102
2015,24.0,Alabama,1.8034,115.212462,4.94,85.09,23.0,289.56,7.56,4.4,1,0,5,1.0,0.0,979
2015,20.0,Washington,1.8288,103.4190604,4.64,85.09,20.23640776699029,297.18,6.99,4.08,0,4,11,1.0,1.0,259
2017,22.0,Texas A&M,1.905,87.99691978,4.52,93.98,20.23640776699029,314.96,6.83,4.13,1,0,19,1.0,1.0,96
2013,23.0,Southern Miss,1.905,113.3980925,4.64,105.41,19.0,353.06,7.1,4.32,0,4,11,1.0,1.0,251
2010,23.0,Utah,1.9304,140.6136347,5.28,83.50634934889987,27.0,291.9857,7.230447266703479,4.399422150882825,1,5,10,1.0,1.0,1260
2017,23.0,Iowa,1.9304,112.0373154,4.52,88.9,18.0,335.28,7.230447266703479,4.399422150882825,1,0,18,1.0,0.0,2216
2011,21.997016197783463,Houston,1.905,136.077711,6.0,63.5,23.0,208.28,9.04,5.56,1,5,10,0.0,0.0,2742
2014,24.0,Baylor,1.8034,87.99691978,4.52,93.98,11.0,312.42,6.8,4.34,0,1,1,1.0,1.0,1933
2016,21.0,Louisiana Tech,1.9304,146.5103355,5.33,74.93,26.0,264.16,7.82,4.76,0,2,4,1.0,1.0,2231
2010,21.997016197783463,West Virginia,1.8796,85.27536556,4.52,101.6,20.23640776699029,309.88,7.03,4.43,1,0,19,0.0,0.0,1425
2011,21.0,West Texas A&M,1.8542,100.2439138,4.5,87.63,19.0,297.18,7.04,4.31,1,0,19,1.0,1.0,1285
2010,23.0,Toledo,1.9304,95.2543977,4.5,92.71,15.0,317.5,6.81,4.11,1,0,19,0.0,1.0,2090
2010,22.0,Notre Dame,1.905,100.6975061,4.76,83.50634934889987,20.23640776699029,291.9857,7.230447266703479,4.399422150882825,1,0,14,1.0,0.0,2553
2012,23.0,Rutgers,1.8796,121.5627552,4.9,81.28,23.0,276.86,7.05,4.35,0,2,3,0.0,0.0,2658
2017,23.0,Troy,1.9812,136.9848957,5.15,78.74,24.0,274.32,7.98,4.94,1,5,12,1.0,0.0,2150
2010,23.0,Nebraska,1.9304,139.2528576,5.03,90.17,32.0,266.7,7.21,4.44,0,2,4,1.0,1.0,1744
2014,22.0,Florida,1.905,137.8920805,5.15,68.58,27.0,287.02,7.97,4.86,1,5,0,0.0,1.0,456
2016,22.0,Utah St.,1.8796,108.4085764,4.72,80.01,20.23640776699029,292.1,6.73,4.0,0,4,7,1.0,1.0,462
2011,24.0,Arizona,1.9812,147.4175203,5.54,67.31,25.0,251.46,8.25,5.0,1,5,12,0.0,1.0,2735
2018,21.997016197783463,Utah,1.8796,142.8815966,4.764817905918058,83.50634934889987,28.0,291.9857,7.230447266703479,4.399422150882825,0,2,4,0.0,0.0,414
2012,23.0,San Diego St.,1.8796,111.583723,4.67,95.25,31.0,307.34,7.230447266703479,4.399422150882825,0,4,11,1.0,1.0,1228
2016,23.0,Alabama,1.8796,120.2019781,4.99,71.12,17.0,274.32,7.74,4.69,0,2,3,0.0,0.0,1210
2009,23.0,Iowa,1.778,102.965468,4.55,93.98,19.0,307.34,7.1,4.4,1,0,15,1.0,1.0,2767
2018,21.0,Wisconsin,1.8796,107.9549841,4.764817905918058,83.50634934889987,18.0,291.9857,7.230447266703479,4.399422150882825,0,4,7,1.0,1.0,1488
2014,23.0,Tennessee St.,1.9304,141.9744118,5.25,68.58,26.0,251.46,7.95,4.82,1,5,10,1.0,1.0,1602
2009,22.0,Stanford,1.9812,125.1914941,4.86,80.01,26.0,294.64,7.24,4.4,0,2,3,0.0,1.0,2144
2016,21.997016197783463,Kentucky,1.8034,87.54332741,4.79,83.82,15.0,292.1,7.17,4.25,0,1,6,0.0,0.0,535
2012,22.0,Arkansas,1.8034,81.19303423,4.51,91.44,20.23640776699029,312.42,7.09,4.399422150882825,1,0,19,1.0,1.0,2645
2016,21.0,Utah St.,1.8034,89.81128926,4.58,82.55,12.0,294.64,7.12,4.19,1,0,19,0.0,1.0,572
2019,22.0,Rutgers,1.8542,89.81128926,4.764817905918058,83.50634934889987,15.0,291.9857,7.230447266703479,4.399422150882825,0,1,1,1.0,0.0,1864
2017,22.0,Washington,1.8034,85.27536556,4.22,93.98,20.23640776699029,337.82,7.230447266703479,4.399422150882825,1,0,19,1.0,1.0,498
2019,21.0,Mississippi,1.8796,91.62565874,4.55,85.09,11.0,302.26,7.06,4.53,1,0,19,0.0,1.0,599
2016,22.0,Alabama,1.8542,112.0373154,4.72,80.01,20.23640776699029,294.64,7.230447266703479,4.28,0,4,7,1.0,1.0,2279
2017,21.0,Virginia Tech,1.8288,94.34721296,4.54,86.36,16.0,309.88,6.85,4.07,0,1,6,1.0,1.0,930
2012,21.0,Texas A&M,1.9304,101.1510985,4.53,83.50634934889987,17.0,291.9857,7.230447266703479,4.399422150882825,1,0,19,0.0,1.0,1093
2010,23.0,Oregon,1.8288,109.3157612,4.7,88.9,18.0,297.18,6.85,4.49,1,0,15,0.0,1.0,1413
2015,22.0,Mississippi St.,1.9304,111.583723,4.66,102.87,16.0,307.34,7.21,4.27,0,4,7,1.0,1.0,2615
2017,21.997016197783463,Texas A&M,1.8034,90.26488163,4.764817905918058,110.49,18.0,337.82,7.230447266703479,4.399422150882825,1,0,19,0.0,0.0,1775
2018,22.0,LSU,1.9304,141.0672271,5.39,73.66,25.0,246.38,8.04,4.92,1,5,0,1.0,1.0,2183
2013,21.997016197783463,Florida St.,1.7272,86.1825503,4.46,83.50634934889987,10.0,291.9857,7.230447266703479,4.399422150882825,0,1,1,0.0,0.0,2117
2010,22.0,Tennessee,1.9558,144.695966,5.52,57.15,19.0,228.6,8.24,5.03,1,5,10,1.0,1.0,1094
2010,21.0,Oklahoma,1.9558,118.3876086,4.66,88.9,20.0,287.02,7.07,4.53,1,0,18,1.0,1.0,2321
2018,21.0,Louisville,1.8796,97.97595192,4.764817905918058,83.50634934889987,20.23640776699029,291.9857,7.230447266703479,4.399422150882825,1,0,14,1.0,1.0,1847
2018,22.0,UCLA,1.9304,140.6136347,5.09,85.09,25.0,281.94,7.5,4.69,1,5,0,1.0,0.0,1940
2011,23.0,South Carolina,1.9304,97.97595192,4.53,85.09,15.0,299.72,7.05,4.25,1,0,19,0.0,0.0,2596
2010,22.0,Miami (FL),1.8034,107.0477993,4.81,83.50634934889987,24.0,291.9857,7.19,4.42,0,4,7,1.0,1.0,2684
2013,23.0,Louisiana Tech,1.8542,103.8726527,4.98,83.50634934889987,20.23640776699029,291.9857,7.230447266703479,4.399422150882825,2,3,13,0.0,0.0,1272
2015,23.0,Clemson,1.9304,127.9130483,4.8,83.50634934889987,22.0,291.9857,7.230447266703479,4.399422150882825,0,2,3,0.0,1.0,2106
2018,21.0,Temple,1.8288,86.1825503,4.65,87.63,16.0,302.26,7.230447266703479,4.62,0,1,16,0.0,0.0,2262
2009,22.0,USC,1.905,110.2229459,4.64,88.9,30.0,304.8,6.84,4.22,0,4,11,1.0,1.0,759
2011,22.0,SMU,1.778,83.46099608,4.35,101.6,17.0,320.04,6.65,4.09,1,0,19,1.0,1.0,435
2011,23.0,Florida St.,1.905,120.6555704,4.86,82.55,14.0,297.18,7.25,4.51,0,2,3,1.0,0.0,2462
2010,21.997016197783463,Duke,1.9558,137.4384881,5.46,66.04,27.0,228.6,7.84,4.399422150882825,0,2,4,0.0,0.0,237
2019,21.997016197783463,Malone University (Ohio),1.8542,97.52235955,4.43,96.52,13.0,307.34,7.0,4.22,1,0,19,0.0,0.0,2153
2011,22.0,South Carolina,1.8288,90.26488163,4.36,97.79,20.23640776699029,312.42,6.88,4.08,0,1,1,1.0,1.0,109
2012,21.0,Oregon,1.905,108.4085764,4.67,86.36,20.0,302.26,7.230447266703479,4.399422150882825,0,4,11,1.0,1.0,1780
2011,23.0,Arizona,1.9304,115.6660544,4.88,80.01,26.0,269.24,7.25,4.32,0,2,3,1.0,1.0,163
2011,21.0,Nebraska,1.8288,93.44002822,4.38,96.52,15.0,325.12,6.97,4.08,0,1,1,1.0,1.0,1807
2015,21.0,South Alabama,1.905,112.4909078,4.65,91.44,20.23640776699029,302.26,7.29,4.49,1,0,18,0.0,1.0,252
2011,21.997016197783463,Wake Forest,1.8542,85.27536556,4.56,90.17,9.0,312.42,6.61,4.09,1,0,19,0.0,0.0,1344
2011,23.0,USC,1.8034,83.91458845,4.41,87.63,16.0,287.02,7.230447266703479,4.399422150882825,0,1,1,1.0,1.0,1313
2015,23.0,Iowa,1.9558,145.1495584,5.07,83.82,20.23640776699029,261.62,7.91,4.47,0,2,4,1.0,1.0,2275
2019,21.0,Iowa,1.9558,113.8516849,4.7,95.25,17.0,312.42,7.02,4.18,1,0,18,1.0,1.0,610
2019,21.997016197783463,LSU,1.778,83.46099608,4.764817905918058,83.50634934889987,20.23640776699029,291.9857,7.230447266703479,4.399422150882825,2,3,8,0.0,0.0,2158
2016,22.0,Arizona,1.905,94.80080533,4.65,85.09,9.0,291.9857,6.99,4.14,1,0,19,0.0,1.0,2394
2018,23.0,Washington St.,1.9304,97.52235955,4.764817905918058,67.31,20.23640776699029,261.62,7.230447266703479,4.399422150882825,1,0,14,1.0,1.0,2528
2010,26.0,BYU,1.8034,111.1301307,4.84,81.28,19.0,266.7,7.44,4.69,1,0,5,0.0,1.0,1423
2015,22.0,Michigan St.,1.8288,84.36818082,4.31,96.52,19.0,309.88,7.06,4.39,0,1,1,1.0,1.0,1064
2015,21.997016197783463,Florida,1.8796,91.62565874,4.93,83.50634934889987,20.23640776699029,291.9857,7.230447266703479,4.399422150882825,2,3,13,0.0,0.0,1850
2011,21.0,Villanova,1.9304,143.7887813,5.2,83.50634934889987,20.23640776699029,291.9857,7.230447266703479,4.399422150882825,1,5,10,1.0,1.0,2223
2009,21.0,Oklahoma,1.8542,95.2543977,4.44,87.63,20.23640776699029,294.64,7.230447266703479,4.4,1,0,19,1.0,1.0,461
2012,21.0,Wake Forest,1.905,140.1600423,5.02,83.50634934889987,26.0,291.9857,7.230447266703479,4.399422150882825,1,5,10,1.0,1.0,1173
2018,23.0,Tulane,1.8288,81.6466266,4.32,83.50634934889987,15.0,291.9857,7.230447266703479,4.399422150882825,0,1,1,1.0,1.0,157
2012,23.0,North Carolina,1.905,104.3262451,4.51,83.82,14.0,276.86,7.230447266703479,4.399422150882825,1,0,19,0.0,0.0,2526
2017,20.0,South Florida,1.8034,96.61517481,4.5,90.17,15.0,317.5,7.230447266703479,4.399422150882825,1,0,15,1.0,1.0,1446
2018,22.0,Florida St.,1.9558,116.1196467,4.94,83.82,18.0,279.4,7.15,4.43,1,0,18,1.0,0.0,238
2010,21.0,Iowa,1.8034,88.45051215,4.52,88.9,20.23640776699029,294.64,7.230447266703479,4.399422150882825,0,1,1,1.0,1.0,2075
2010,23.0,Wayne State (MI),1.8034,99.7903214,4.68,92.71,20.23640776699029,304.8,6.84,4.17,1,0,15,0.0,1.0,1621
2017,21.0,West Virginia,1.8796,94.80080533,4.59,85.09,16.0,304.8,6.97,4.26,0,1,1,1.0,1.0,2513
2015,21.997016197783463,Clemson,1.8288,86.63614267,4.61,82.55,7.0,302.26,6.8,4.0,0,1,1,0.0,0.0,100
2017,21.0,USC,1.905,151.4998516,5.84,62.23,20.23640776699029,243.84,8.51,5.38,1,5,10,0.0,0.0,315
